제품명,가격,URL
 병원밴 유아 아동 아기 구급차 병원차 자동차장난감 ,"18,820",http://item.gmarket.co.kr/Item?goodscode=2321016411
 다이노트럭 랩터 vs 청소트럭 색상랜덤 완구 자동차 공룡 장난감 ,"4,400",http://item.gmarket.co.kr/Item?goodscode=2624557285
 토미 쥬라기월드 디노구조대 완구 자동차 공룡 장난감 어린이 선물 ,"13,000",http://item.gmarket.co.kr/Item?goodscode=2604782666
 자동차세트/DT6936 ,"169,880",http://item.gmarket.co.kr/Item?goodscode=1867652911
 다이노트럭 티라노 vs 장갑트럭 색상랜덤 완구 자동차 공룡 장난감 ,"3,200",http://item.gmarket.co.kr/Item?goodscode=2624574553
 다이노트럭 트리케라톱스 vs 세미트럭 색상랜덤 완구 자동차 공룡 장난감 ,"4,400",http://item.gmarket.co.kr/Item?goodscode=2624566598
 토미 쥬라기월드 랩터 유모차 완구 공룡 장난감 어린이 선물 ,"13,000",http://item.gmarket.co.kr/Item?goodscode=2604783681
 미니 커비 7종 기프트세트(81119) 자동차 미니카 세트 ,"25,050",http://item.gmarket.co.kr/Item?goodscode=1655579150
 토이 리얼액션 덤프 트럭 작동 자동차 장난감 남아 ,"71,340",http://item.gmarket.co.kr/Item?goodscode=1747737651
 씽크 미니카10종 색상임의배송 미니차 미니자동차셋트 ,"29,800",http://item.gmarket.co.kr/Item?goodscode=2255547106
 말랑소프트자동차/24종/CS ,"139,420",http://item.gmarket.co.kr/Item?goodscode=1868433969
 자동차세트/DT6936 ,"278,750",http://item.gmarket.co.kr/Item?goodscode=1872229447
 비행기 고무줄 총 만들기 집콕놀이 diy 공예 키트 ,"5,000",http://item.gmarket.co.kr/Item?goodscode=2328565683
 인기 공룡/곤충/바다생물 6종 만들기 세트 (무료배송) ,"26,000",http://item.gmarket.co.kr/Item?goodscode=2260827941
 곤충 만들기 엄마표 집콕 놀이 취미 장난감 키트 /자연관찰교구 추천 ,"4,000",http://item.gmarket.co.kr/Item?goodscode=2168732700
 티라이트 만들기 엄마표 집콕 놀이 취미 장난감 키트 /캠핑놀거리 추천 ,"8,000",http://item.gmarket.co.kr/Item?goodscode=2168720238
 영진 뽀로로꼬마자동차/어린이/놀이/완구/장난감/선물 ,"38,770",http://item.gmarket.co.kr/Item?goodscode=2488293980
 기동 경찰대 경찰버스 장난감 완구 선물/작동완구 ,"38,410",http://item.gmarket.co.kr/Item?goodscode=2463403426
 과학실험 만들기/교재/교사지침서/초등학습교재 ,"37,200",http://item.gmarket.co.kr/Item?goodscode=2196999652
 오프로드 RC카 DE45 4륜구동 입문용 RC카 1:16 스케일 배터리2개 총 주행시간90분 국내AS 조종거리 50M ,"49,000",http://item.gmarket.co.kr/Item?goodscode=1897758763
 바이킹 미니커비중장비 5종 - 36pcs 풀세트(1135)/자동차/바이킹토이/자동차세트/미니카세트/애기장난감 ,"124,050",http://item.gmarket.co.kr/Item?goodscode=2571737168
 코벨세차스폰지(200x120x60)/차량/스펀지/관리/자동차 ,"4,520",http://item.gmarket.co.kr/Item?goodscode=1705132788
 자동차세트/DT6936 ,"149,500",http://item.gmarket.co.kr/Item?goodscode=1803979053
 국민교육사 뉴꼬마 레이싱 카 (8pcs/박스형) ,"45,000",http://item.gmarket.co.kr/Item?goodscode=1794958934
 주차알림판 차량용 삼면 3개번호 핸드폰번호 회전식 ,"11,050",http://item.gmarket.co.kr/Item?goodscode=1980634904
 태양광자동차(폐품활용 창작용) ,"14,000",http://item.gmarket.co.kr/Item?goodscode=220359294
 레인OK 3in1 에탄올 코팅워셔액 1.8L 6개입 친환경 사계절용 (광택/세정/발수코팅) ,"21,900",http://item.gmarket.co.kr/Item?goodscode=2614996774
 홈마블 무선 차량 원룸 핸디 청소기 H80 ,"49,800",http://item.gmarket.co.kr/Item?goodscode=1893922558
 순 에탄올 사계절 워셔액 1.8L x 12개 ,"22,900",http://item.gmarket.co.kr/Item?goodscode=2043632645
 TR10 32GB 전후방 FHD 2채널 블랙박스 무료장착 ,"139,000",http://item.gmarket.co.kr/Item?goodscode=2001959389
 레인OK 실리콘 발수 하이브리드 와이퍼 2개 SET ,"23,800",http://item.gmarket.co.kr/Item?goodscode=2583239984
 엔진코팅제 블랙 240ml 1+1행사 엔진오일첨가제 ,"21,900",http://item.gmarket.co.kr/Item?goodscode=2045933292
 레인OK 3in1 에탄올 코팅워셔액 1.8L 6개입 친환경 사계절용 (광택/세정/발수코팅) ,"21,900",http://item.gmarket.co.kr/Item?goodscode=2614996774
 홈마블 무선 차량 원룸 핸디 청소기 H80 ,"49,800",http://item.gmarket.co.kr/Item?goodscode=1893922558
 엠피온 SET-525 무선하이패스 단말기 태양광거치대포함 ,"64,900",http://item.gmarket.co.kr/Item?goodscode=657750071
 순 에탄올 사계절 워셔액 1.8L x 12개 ,"22,900",http://item.gmarket.co.kr/Item?goodscode=2043632645
 TR10 32GB 전후방 FHD 2채널 블랙박스 무료장착 ,"139,000",http://item.gmarket.co.kr/Item?goodscode=2001959389
  ZIC  SK루브리컨츠 지크 탑 5W30 1L ( TOP) ,"10,170",http://item.gmarket.co.kr/Item?goodscode=1674147612
 루젠 더블하니컴 이중 벌집카매트 트렁크매트 ,"29,900",http://item.gmarket.co.kr/Item?goodscode=283054647
 레인OK 실리콘 발수 하이브리드 와이퍼 2개 SET ,"23,800",http://item.gmarket.co.kr/Item?goodscode=2583239984
 순담 에탄올 워셔액 1.8L 6개 사계절용 고급워셔액 ,"12,900",http://item.gmarket.co.kr/Item?goodscode=2099480227
 엔진코팅제 블랙 240ml 1+1행사 엔진오일첨가제 ,"21,900",http://item.gmarket.co.kr/Item?goodscode=2045933292
 불스원샷 스탠다드 연료첨가제 경유 360ML 4개 +사은품(2IN1 발수세정제) ,"32,500",http://item.gmarket.co.kr/Item?goodscode=2384710011
 오토스캔 무선충전 차량용 핸드폰거치대 15W 통풍구 자동거치 +포토리뷰 이벤트 ,"29,900",http://item.gmarket.co.kr/Item?goodscode=2312927411
 X950 파워  F/F 2채널 블랙박스 64GB로업 1.5초 부팅 Wi-Fi 블랙박스 AS 2년+장착무료 ,"199,000",http://item.gmarket.co.kr/Item?goodscode=2368165847
 불스원샷 70000 휘발유 500ml 2P +사은품(다용도크리너 1개) ,"32,000",http://item.gmarket.co.kr/Item?goodscode=2024214148
 불스원샷 스탠다드 휘발유 360ML 4개 +사은품(2IN1 발수세정제) ,"32,500",http://item.gmarket.co.kr/Item?goodscode=2384708673
 스크레치제로 1세트 흠집제거 컴파운드 아이큐샵 ,"29,800",http://item.gmarket.co.kr/Item?goodscode=1556116343
 아이클린 무선 핸디 청소기 진공 미니 핸디형 차량용 에어건 원룸 머리카락 소형 헤파필터 포함 ,"59,500",http://item.gmarket.co.kr/Item?goodscode=2661835308
 그라스 블루 차량용방향제 100ML 4종 택1 블랙베리/아쿠아/라임/애플망고 ,"13,140",http://item.gmarket.co.kr/Item?goodscode=2024297308
 KC인증제품 확장형 코일매트 코일카매트 자동차매트 ,"31,800",http://item.gmarket.co.kr/Item?goodscode=783636386
 하이엔드 RC카 무선자동차 GOM 락버기 RTR 락크라울러 ,"440,000",http://item.gmarket.co.kr/Item?goodscode=1810139050
 베스트라인 엔진 코팅제 오일첨가제 아이큐샵 ,"29,800",http://item.gmarket.co.kr/Item?goodscode=628842583
 테라링크 TL-720S 태양광 무선 하이패스 단말기 블랙 ,"41,800",http://item.gmarket.co.kr/Item?goodscode=333328749
 레인디어 자동차 겨울시트 앞좌석 1P 시트커버 ,"17,900",http://item.gmarket.co.kr/Item?goodscode=2641809430
 오토스캔 무선충전 차량용 핸드폰거치대 15W 대시보드 자동거치 +포토리뷰 이벤트 ,"29,900",http://item.gmarket.co.kr/Item?goodscode=2312925660
 그라스 디퓨저 105ML 차량용방향제 1개 (5종 택1) ,"13,140",http://item.gmarket.co.kr/Item?goodscode=2024315805
  GS칼텍스  킥스 파오 A3/B4 5W30 1L (Kixx PAO) ,"5,400",http://item.gmarket.co.kr/Item?goodscode=1674147630
 앞(2)+뒤(1) 3P GMZ 극세사 겨울시트 자동차시트/방석 ,"22,800",http://item.gmarket.co.kr/Item?goodscode=1142083630
 (1+1) 요소수 디젤 차량용 화물차 애드블루 10L 당일출고 호스포함 ,"19,900",http://item.gmarket.co.kr/Item?goodscode=2530179461
 레인스톰 하이브리드 와이퍼  2+2 2세트 무료배송 ,"11,900",http://item.gmarket.co.kr/Item?goodscode=1505154129
 잭슨 카스타터 점프스타터 배터리 방전 충전기 12V ,"168,000",http://item.gmarket.co.kr/Item?goodscode=2345927606
 TX5 풀HD 2채널 블랙박스 32GB 용량업 무료장착 ,"119,000",http://item.gmarket.co.kr/Item?goodscode=2400148526
 하이원 카매트 확장형 코일매트 자동차매트 바닥매트 ,"32,300",http://item.gmarket.co.kr/Item?goodscode=533175563
 폴라프레쉬 뉴 선바이저 차량용방향제 2+1행사 5종 택 1 ,"15,800",http://item.gmarket.co.kr/Item?goodscode=2261922943
 더컵 자동차 스마트키 디지털키 스마트폰 핸드폰 차키 ,"145,000",http://item.gmarket.co.kr/Item?goodscode=2482100062
 하이원 엣지 카매트 확장형 코일매트 자동차매트 바닥 ,"37,900",http://item.gmarket.co.kr/Item?goodscode=2026913532
 불스원 셀프 세차용품 8종 세트 +사은품(다용도크리너 1개) ,"39,900",http://item.gmarket.co.kr/Item?goodscode=2245148481
 루젠 확장형 코일카매트 차종별 자동차매트 코일매트 ,"32,500",http://item.gmarket.co.kr/Item?goodscode=773219406
 티패스 TL-720S 무선 하이패스 단말기 블랙/태양광충전 ,"41,800",http://item.gmarket.co.kr/Item?goodscode=1665683406
 신일 핸디형 무선 미니 청소기 SVC-2326W ,"45,900",http://item.gmarket.co.kr/Item?goodscode=2004419391
 차량용 극세사 누빔 방석 3P 풀셋트 자동차방석 시트 ,"19,900",http://item.gmarket.co.kr/Item?goodscode=1959270766
 클린듀얼 차 차량 청소 핸드 핸디 무선 미니 소형 자동차 차량용 휴대용 무선 에어건 청소기 ,"79,000",http://item.gmarket.co.kr/Item?goodscode=2436006126
 퍼퓸 차량용 디퓨저 75ml 블랙체리  2개 ,"14,500",http://item.gmarket.co.kr/Item?goodscode=2547684491
 아이리스 2in1 슬림스틱 초경량 무선청소기 핸디 진공 소형 차량용 가정용 청소기 풀키트 구성 ,"19,900",http://item.gmarket.co.kr/Item?goodscode=2623264047
 차량용 프리미엄 천연 방향제 18ml 3개 SET (할인) ,"38,000",http://item.gmarket.co.kr/Item?goodscode=1549314507
  금호타이어  크루젠 KL33 235/60R/18  집근처 무료교체  ,"122,320",http://item.gmarket.co.kr/Item?goodscode=1685567730
 피톤치드 편백수 스프레이 탈취제 500ml+2L 대용량 사은품증정 (차량 및 가정용) ,"19,800",http://item.gmarket.co.kr/Item?goodscode=2531467568
 루젠 아크모 순정형 엠보가죽 핸들커버 원형 D컷 ,"22,400",http://item.gmarket.co.kr/Item?goodscode=1787342445
 불스원샷 70000 경유 500ml 2P +사은품(다용도크리너 1개) ,"32,000",http://item.gmarket.co.kr/Item?goodscode=2024212417
 충잘 차량용 무선 고속충전 거치대 업그레이드 블루led ,"34,800",http://item.gmarket.co.kr/Item?goodscode=1722242950
 레인스톰 플러스 하이브리드와이퍼 2+2 2세트 무료배송 ,"19,900",http://item.gmarket.co.kr/Item?goodscode=2277433690
 에탄올 사계절용 워셔액 1.8L 8개 순담 에탄올 워셔액 ,"16,400",http://item.gmarket.co.kr/Item?goodscode=1880874035
  GS칼텍스  킥스 파오원 0W30 1L (Kixx PAO1) ,"10,740",http://item.gmarket.co.kr/Item?goodscode=1674147617
 보만 4in1 핸디형 미니 무선 청소기 원룸 차량용 VC7210 ,"59,800",http://item.gmarket.co.kr/Item?goodscode=1831765940
 2+2 전사이즈균일가 차량용와이퍼 하이브리드 와이퍼 ,"8,900",http://item.gmarket.co.kr/Item?goodscode=689111106
 멀티액션 플러스 차량용 공기청정기 블랙 필터 총 4개 ,"29,000",http://item.gmarket.co.kr/Item?goodscode=2057495247
 엠피온 F480 전후방 FHD 블랙박스 64GB 무상장착 ,"169,000",http://item.gmarket.co.kr/Item?goodscode=1870817401
 퀼팅 가죽트렁크매트 /카매트/자동차매트/방수매트 ,"26,900",http://item.gmarket.co.kr/Item?goodscode=846373244
 EPI-208 에어펌프 자동차 자전거 타이어 공기주입기 ,"68,000",http://item.gmarket.co.kr/Item?goodscode=1893534527
 차량용 무선 충전 거치대 핸드폰 휴대폰  STEELIE-X7 ,"28,500",http://item.gmarket.co.kr/Item?goodscode=2042288889
 블루투스 무선카팩 핸즈프리 USB충전 BT-003-블랙 ,"33,800",http://item.gmarket.co.kr/Item?goodscode=1522089703
 와이더F2 FOD 차량용 핸드폰 무선 충전 거치대 충전기 ,"29,900",http://item.gmarket.co.kr/Item?goodscode=1668157413
 (10%쿠폰)아이닉 핸디 미니 청소기 imini 화이트 (12월 초 순차발송) ,"49,800",http://item.gmarket.co.kr/Item?goodscode=2305634863
 AZ100 블랙박스 64G 전후방FHD 무료장착 무상A/S 3년 이벤트 초절전 주차대기 56일 전후방 HDR 4형 IPS ,"179,000",http://item.gmarket.co.kr/Item?goodscode=1773885439
 카모아 차량용 온열시트/열선시트/전기/방석/겨울시트 ,"34,900",http://item.gmarket.co.kr/Item?goodscode=199028090
 캘리포니아센트 차량용 방향제 코로 나도 체리(캔) 5개 ,"23,900",http://item.gmarket.co.kr/Item?goodscode=2140772982
 균일가 2개 1세트 올뉴 보쉬에어로트윈 자동차 와이퍼 ,"24,900",http://item.gmarket.co.kr/Item?goodscode=344918038
 2in1 가성비 원룸 차량용 핸디형 무선 청소기 BVC-H10 ,"41,900",http://item.gmarket.co.kr/Item?goodscode=1992360176
 승용차용 초소형 전방/후방카메라 고급형58만화소 S600 ,"29,800",http://item.gmarket.co.kr/Item?goodscode=380207547
